{"cameraMode":{"drawMode":0,"name":"Shaded","section":"Shading Mode"},"sceneLighting":false,"audioPlay":false,"sceneViewState":{"m_AlwaysRefresh":false,"showFog":false,"showSkybox":false,"showFlares":false,"showImageEffects":false,"showParticleSystems":false,"showVisualEffectGraphs":true,"m_FxEnabled":true},"in2DMode":false,"pivot":{"x":0.06378737092018128,"y":0.768652081489563,"z":-0.7971856594085693},"rotation":{"x":0.011327230371534825,"y":0.9753351211547852,"z":-0.2143276184797287,"w":0.051546573638916019},"size":1.5667436122894288,"orthographic":false}