{"cameraMode":{"drawMode":0,"name":"Shaded","section":"Shading Mode"},"sceneLighting":true,"audioPlay":false,"sceneViewState":{"m_AlwaysRefresh":false,"showFog":false,"showSkybox":false,"showFlares":false,"showImageEffects":false,"showParticleSystems":false,"showVisualEffectGraphs":true,"m_FxEnabled":true},"in2DMode":false,"pivot":{"x":9.431867599487305,"y":-5.346500396728516,"z":-0.1453688144683838},"rotation":{"x":-0.034802913665771487,"y":0.0005970777710899711,"z":-0.000020963974748156033,"w":-0.9993966817855835},"size":4.959042549133301,"orthographic":false}