{"cameraMode":{"drawMode":0,"name":"Shaded","section":"Shading Mode"},"sceneLighting":true,"audioPlay":false,"sceneViewState":{"m_AlwaysRefresh":false,"showFog":false,"showSkybox":false,"showFlares":false,"showImageEffects":false,"showParticleSystems":false,"showVisualEffectGraphs":true,"m_FxEnabled":true},"in2DMode":false,"pivot":{"x":-3.893887996673584,"y":-5.013599395751953,"z":-0.07650279998779297},"rotation":{"x":-0.004811143036931753,"y":0.0020969209726899864,"z":-0.000010220885997114237,"w":-1.0000196695327759},"size":7.12607479095459,"orthographic":false}