{"cameraMode":{"drawMode":0,"name":"Shaded","section":"Shading Mode"},"sceneLighting":true,"audioPlay":false,"sceneViewState":{"m_AlwaysRefresh":false,"showFog":false,"showSkybox":false,"showFlares":false,"showImageEffects":false,"showParticleSystems":false,"showVisualEffectGraphs":true,"m_FxEnabled":true},"in2DMode":false,"pivot":{"x":13.284504890441895,"y":-5.024940013885498,"z":-0.4111032485961914},"rotation":{"x":-0.039297182112932208,"y":0.011088293045759201,"z":-0.0004360044258646667,"w":-0.9991645812988281},"size":6.027698040008545,"orthographic":false}